DADO NUMÉRICO,NÚMERO(S),MARCA,SEGMENTO,CAMPANHA,ANO,PREMIAÇÃO,REFERÊNCIA
"No entanto, todos os anos, o Brasil perde cerca de 40 mil milhões de dólares com gastos políticos corruptos","40 mil","CONGRESSO EM FOCO","Mídia e Comunicação","TRANSPARENCY CARD","2023","Leão de Ouro","CannesFlix — ""TRANSPARENCY CARD"" (CONGRESSO EM FOCO, 2023, Leão de Ouro)"
"Vencedor do Grande Prêmio Clio Health 2024","2024","","Pets e Animais","Dogs Without Borders","2023","Leão de Ouro","CannesFlix — ""Dogs Without Borders"" (, 2023, Leão de Ouro)"
"Segundo a ONU, embora 55% da população mundial viva em áreas urbanas, milhares de milhões de pessoas vivem em locais remotos e subdesenvolvidos, longe dos cuidados médicos","55%","","Pets e Animais","Dogs Without Borders","2023","Leão de Ouro","CannesFlix — ""Dogs Without Borders"" (, 2023, Leão de Ouro)"
"Eles têm 16 vezes mais probabilidade de serem assassinados do que qualquer outro grupo, e quatro em cada cinco sofrerão violência durante a vida","16 vezes","MUSKRAT MAGAZINE","Entretenimento e Cultura","MISSING MATOAKA","2023","Leão de Ouro","CannesFlix — ""MISSING MATOAKA"" (MUSKRAT MAGAZINE, 2023, Leão de Ouro)"
"No entanto, todos os anos, o Brasil perde cerca de 40 mil milhões de dólares com gastos políticos corruptos","40 mil","CONGRESSO EM FOCO","Mídia e Comunicação","TRANSPARENCY CARD","2023","Leão de Ouro","CannesFlix — ""TRANSPARENCY CARD"" (CONGRESSO EM FOCO, 2023, Leão de Ouro)"
"E quando os negros e hispânicos não se sentem vistos nos resultados de pesquisa, é menos provável que sejam vistos por um dermatologista, levando a taxas de mortalidade 25% mais elevadas para doenças como o cancro da pele","25%","VASELINE","Moda e Beleza","SEE MY SKIN","2023","Leão de Ouro","CannesFlix — ""SEE MY SKIN"" (VASELINE, 2023, Leão de Ouro)"
"Os casos de violência doméstica aumentam até 38% durante grandes eventos de futebol","38%","WOMEN’S AID","Combate à Violência","HE’S COMING HOME","2023","Leão de Ouro","CannesFlix — ""HE’S COMING HOME"" (WOMEN’S AID, 2023, Leão de Ouro)"
"Para 1,6 milhão de mulheres, a Copa do Mundo de futebol é um momento de medo e não de celebração","1,6 milhão","WOMEN’S AID","Combate à Violência","HE’S COMING HOME","2023","Leão de Ouro","CannesFlix — ""HE’S COMING HOME"" (WOMEN’S AID, 2023, Leão de Ouro)"
"O torneio de 2022 também foi realizado pela primeira vez durante o inverno, então mais abusadores estariam em casa, representando um risco ainda maior","2022","WOMEN’S AID","Combate à Violência","HE’S COMING HOME","2023","Leão de Ouro","CannesFlix — ""HE’S COMING HOME"" (WOMEN’S AID, 2023, Leão de Ouro)"
"Os pais tiram as raparigas da escola precocemente, com apenas 34,2% a conseguirem chegar ao ensino secundário, principalmente devido à crença generalizada de que a educação é inútil para as mulheres","34,2%","EBM","Diversidade e Direitos Humanos","SCHOOLGIRL NEWSCASTERS","2023","Leão de Ouro","CannesFlix — ""SCHOOLGIRL NEWSCASTERS"" (EBM, 2023, Leão de Ouro)"
"Um estudo realizado em dezembro constatou que 52% das mães se escondem da amamentação, 63,5% se sentem julgadas e 15% recebem atenção","52% | 63,5% | 15%","TETA & TETA SPAIN","Diversidade e Direitos Humanos","CRY FOR THE LAW","2023","Leão de Prata","CannesFlix — ""CRY FOR THE LAW"" (TETA & TETA SPAIN, 2023, Leão de Prata)"
"No Brasil, 56% da população é negra, mas a população nunca foi devidamente representada pela mídia do país","56%","RAÇA MAGAZINE","Diversidade e Direitos Humanos","THE FUTURE IS BLACK","2023","Leão de Prata","CannesFlix — ""THE FUTURE IS BLACK"" (RAÇA MAGAZINE, 2023, Leão de Prata)"
"A Revista Raça foi criada em 1996 como a principal publicação afro da América Latina","1996","RAÇA MAGAZINE","Diversidade e Direitos Humanos","THE FUTURE IS BLACK","2023","Leão de Prata","CannesFlix — ""THE FUTURE IS BLACK"" (RAÇA MAGAZINE, 2023, Leão de Prata)"
"Idealizado pela BETC HAVAS, o projeto com os MCs Poze do Rodo, Bielzin, Borges e Cabelinho, surge da união das maiores gravadoras de rap e trap do Brasil para lançar luz sobre uma realidade que atinge 18 milhões de pessoas no país, convocando à reflexão sobre o perfilamento racial","18 milhões","KONDZILLA RECORDS","Entretenimento e Cultura","SAVE THE FAVELA","2023","Leão de Prata","CannesFlix — ""SAVE THE FAVELA"" (KONDZILLA RECORDS, 2023, Leão de Prata)"
"Mas no nosso futebol há uma anomalia estatística: 95% dos nossos treinadores são brancos, mesmo quando a maioria dos nossos","95%","TELEFÓNICA","Diversidade e Direitos Humanos","BLACK COACHES","2023","Leão de Prata","CannesFlix — ""BLACK COACHES"" (TELEFÓNICA, 2023, Leão de Prata)"
"861 papéis de parede de alta qualidade que foram visualizados um total de 3,91 bilhões de vezes","3,91 bilhões","TESTICULAR CANCER SOCIETY","Saúde e Bem-Estar","WALL STREET BALLS","2023","Leão de Prata","CannesFlix — ""WALL STREET BALLS"" (TESTICULAR CANCER SOCIETY, 2023, Leão de Prata)"
"766 usuários incríveis, dos quais 298 estão online no momento","766 usuários","TESTICULAR CANCER SOCIETY","Saúde e Bem-Estar","WALL STREET BALLS","2023","Leão de Prata","CannesFlix — ""WALL STREET BALLS"" (TESTICULAR CANCER SOCIETY, 2023, Leão de Prata)"
"Em janeiro de 2023, milhares de manifestantes de extrema direita insatisfeitos com o resultado das eleições presidenciais no Brasil invadiram o Palácio do Planalto, sede do Governo Federal brasileiro, numa ameaça sem precedentes à constituição brasileira","2023, milhares","MERCADO LIBRE","Varejo e E-commerce","THE BEST-SELLER CONSTITUTION","2023","Leão de Prata","CannesFlix — ""THE BEST-SELLER CONSTITUTION"" (MERCADO LIBRE, 2023, Leão de Prata)"
"Na manhã seguinte aos acontecimentos, o Mercado Livre disponibilizou edições da Constituição Federal com desconto de 99%, para que os brasileiros nunca se esquecessem do valor do","99%","MERCADO LIBRE","Varejo e E-commerce","THE BEST-SELLER CONSTITUTION","2023","Leão de Prata","CannesFlix — ""THE BEST-SELLER CONSTITUTION"" (MERCADO LIBRE, 2023, Leão de Prata)"
"En Panamá, a casi el 60% de las personas con discapacidad les resulta muy difícil conseguir empleo","60%","MCDONALD’S","Alimentação e Bebidas","A PROMO NOBODY’S HEARD OF","2023","Leão de Prata","CannesFlix — ""A PROMO NOBODY’S HEARD OF"" (MCDONALD’S, 2023, Leão de Prata)"
"Em apenas 48 horas, Michelob ULTRA imortalizou Mark, o ‘Michelob Guy’, com seu próprio comercial, mercadorias personalizadas e até mesmo aparições patrocinadas pelo ULTRA na próxima etapa da turnê PGA","48 horas","AB INBEV MICHELOB ULTRA","Alimentação e Bebidas","MICHELOB GUY","2023","Leão de Prata","CannesFlix — ""MICHELOB GUY"" (AB INBEV MICHELOB ULTRA, 2023, Leão de Prata)"
"Apesar do que nos dizem nossas canções natalinas favoritas, ninguém é 100% travesso ou 100% legal","100% | 100%","NATIVE","Causas Sociais e ONGs","TRAFFIC STOP","2023","Leão de Prata","CannesFlix — ""TRAFFIC STOP"" (NATIVE, 2023, Leão de Prata)"
"Depois de analisar milhares de locais no Google Street View, encontramos esses momentos 100% genuínos, capturados pelas câmeras, de pessoas comendo seus Whoppers fora dos restaurantes BK","100%","BURGER KING","Alimentação e Bebidas","TO GO. AS FAR AS YOU CAN.","2023","Leão de Bronze","CannesFlix — ""TO GO. AS FAR AS YOU CAN."" (BURGER KING, 2023, Leão de Bronze)"
"Reconhecendo a triste realidade de que 40% dos gatos adultos em abrigos permanecem sem adoção, concebemos uma estratégia inovadora para alavancar a enorme popularidade dos jogos e a afinidade existente entre jogadores e companheiros felinos","40%","FRESH STEP","Pets e Animais","ADOPT A STRAY","2023","Leão de Bronze","CannesFlix — ""ADOPT A STRAY"" (FRESH STEP, 2023, Leão de Bronze)"
"A pesquisa revelou que notáveis ​​47% dos streamers de jogos ao vivo eram gatos orgulhosos","47%","FRESH STEP","Pets e Animais","ADOPT A STRAY","2023","Leão de Bronze","CannesFlix — ""ADOPT A STRAY"" (FRESH STEP, 2023, Leão de Bronze)"
"A marca transmitiu gameplay no Twitch, jogou com fãs e criou conteúdo personalizado no jogo que foi baixado mais de 988 mil vezes","988 mil","WENDY’S","Alimentação e Bebidas","SUPER WENDY’S WORLD","2023","Leão de Bronze","CannesFlix — ""SUPER WENDY’S WORLD"" (WENDY’S, 2023, Leão de Bronze)"
"A campanha de relações públicas gerou debate em 43 países e alcançou 2,8 mil milhões de impressões ganhas nos meios de comunicação","2,8 mil","VIRGIN AUSTRALIA GROUP","Automóveis e Mobilidade","MIDDLE SEAT LOTTERY","2023","Leão de Bronze","CannesFlix — ""MIDDLE SEAT LOTTERY"" (VIRGIN AUSTRALIA GROUP, 2023, Leão de Bronze)"
"Stella Artois Uncomfortable Food According to data, 96% of home kitchens in Brazil are led by women, while only 7% of award-winning restaurants","96%","STELLA ARTOIS","Alimentação e Bebidas","UNCOMFORTABLE FOOD","2023","Leão de Bronze","CannesFlix — ""UNCOMFORTABLE FOOD"" (STELLA ARTOIS, 2023, Leão de Bronze)"
"No México, o salário base de uma jogadora de futebol ⚽️ é 10 vezes menor que o de um homem","10 vezes","CORONA","Diversidade e Direitos Humanos","900 MINUTES FOR EQUALITY","2023","Leão de Bronze","CannesFlix — ""900 MINUTES FOR EQUALITY"" (CORONA, 2023, Leão de Bronze)"
"A equipe localizou essas 36 pessoas e elas se tornaram as estrelas de uma campanha que convidava as pessoas a provar que o Big Data estava errado","36 pessoas","DGT","Automóveis e Mobilidade","THE 36","2023","Leão de Bronze","CannesFlix — ""THE 36"" (DGT, 2023, Leão de Bronze)"
"A campanha pretende convidar os mais de 20 milhões de americanos que vivem em desertos alimentares a juntarem-se à revolução alimentar, plantando dinheiro que possa cultivar os seus próprios alimentos orgânicos frescos","20 milhões","RON FINLEY PROJECT","Causas Sociais e ONGs","THE PEOPLE’S TREASURY","2023","Leão de Bronze","CannesFlix — ""THE PEOPLE’S TREASURY"" (RON FINLEY PROJECT, 2023, Leão de Bronze)"
"Na costa caribenha da Colômbia existem mais de 150 mil carrinhos de comida que mantêm viva a gastronomia tradicional e já se tornaram patrimônio e símbolo de identidade do país","150 mil","CENTELSA BY NEXANS","Meio Ambiente e Sustentabilidade","SELF-SUFFICIENT FOOD CART","2023","Leão de Bronze","CannesFlix — ""SELF-SUFFICIENT FOOD CART"" (CENTELSA BY NEXANS, 2023, Leão de Bronze)"
"Assim, os food trucks representam uma parte importante da microeconomia da região e constituem a principal fonte de renda de mais de 200 mil famílias","200 mil","CENTELSA BY NEXANS","Meio Ambiente e Sustentabilidade","SELF-SUFFICIENT FOOD CART","2023","Leão de Bronze","CannesFlix — ""SELF-SUFFICIENT FOOD CART"" (CENTELSA BY NEXANS, 2023, Leão de Bronze)"
"32% das mulheres em todo o mundo sentem-se desconfortáveis ​​ao nadar em público","32%","ADIDAS","Moda e Beleza","LIQUID BILLBOARD","2022","Grand Prix","CannesFlix — ""LIQUID BILLBOARD"" (ADIDAS, 2022, Grand Prix)"
"No Médio Oriente, é de 88%","88%","ADIDAS","Moda e Beleza","LIQUID BILLBOARD","2022","Grand Prix","CannesFlix — ""LIQUID BILLBOARD"" (ADIDAS, 2022, Grand Prix)"
"Sua embalagem inovadora, 100% biodegradável, foi revestida com 5% de Bac Probiótico Ativo","100%","MAXX FLASH","Saúde e Bem-Estar","THE KILLER PACK","2022","Grand Prix","CannesFlix — ""THE KILLER PACK"" (MAXX FLASH, 2022, Grand Prix)"
"A campanha envolveu um artista de origami, que usou embalagens de hambúrguer para fazer novas criações, e gerou reações em todo o mundo, arrecadando mais de 3,6 bilhões de impressões","3,6 bilhões","PEPSI","Alimentação e Bebidas","BETTER WITH PEPSI","2022","Leão de Ouro","CannesFlix — ""BETTER WITH PEPSI"" (PEPSI, 2022, Leão de Ouro)"
"Lembra-se desta campanha #NonArtificialMexico do Burger King 2022","2022","BURGER KING","Alimentação e Bebidas","NONARTIFICAL MEXICO","2022","Leão de Ouro","CannesFlix — ""NONARTIFICAL MEXICO"" (BURGER KING, 2022, Leão de Ouro)"
"Aumentou as vendas de BK em 37% e ganhou uma pilha…","37%","BURGER KING","Alimentação e Bebidas","NONARTIFICAL MEXICO","2022","Leão de Ouro","CannesFlix — ""NONARTIFICAL MEXICO"" (BURGER KING, 2022, Leão de Ouro)"
"A campanha impactou as conversas sociais com um aumento de +300% nas menções a “empresas de propriedade de negros” e, o mais importante, gerou um impacto real para as empresas apresentadas","300%","GOOGLE","Tecnologia e Inovação","BLACK-OWNED FRIDAY 2021","2022","Leão de Ouro","CannesFlix — ""BLACK-OWNED FRIDAY 2021"" (GOOGLE, 2022, Leão de Ouro)"
"It just helped 15 million Indigenous Mexicans celebrate the National team’s soccer games in their languages","15 million","BUDWEISER","Alimentação e Bebidas","NATIVE SPORTSCASTERS","2022","Leão de Ouro","CannesFlix — ""NATIVE SPORTSCASTERS"" (BUDWEISER, 2022, Leão de Ouro)"
"100% accurate, however you choose to file taxes, guaranteed","100%","AAMI","Finanças e Seguros","AAMI REST TOWNS","2022","Leão de Ouro","CannesFlix — ""AAMI REST TOWNS"" (AAMI, 2022, Leão de Ouro)"
"Dre Em 15 de maio de 2013, Dr","2013","PROGRESSIVE INSURANCE","Finanças e Seguros","DR. RICK WILL SEE YOU NOW","2022","Leão de Prata","CannesFlix — ""DR. RICK WILL SEE YOU NOW"" (PROGRESSIVE INSURANCE, 2022, Leão de Prata)"
"Dre e Jimmy Iovine doaram US$ 70 milhões para a Universidade do Sul da Califórnia em preparação para a construção de uma faculdade abrangente de arte e negócios com o nome dos dois, com o objetivo de cultivar um grupo de estudantes talentosos, entusiasmados, inovadores e líderes","70 milhões","PROGRESSIVE INSURANCE","Finanças e Seguros","DR. RICK WILL SEE YOU NOW","2022","Leão de Prata","CannesFlix — ""DR. RICK WILL SEE YOU NOW"" (PROGRESSIVE INSURANCE, 2022, Leão de Prata)"
"73% das músicas de hip hop mencionam uma marca, o que lhes dá enorme visibilidade e conquista de mídia sem nenhum custo","73%","MERCADO LIVRE","Varejo e E-commerce","BLACK BUSINESS BEATS","2022","Leão de Prata","CannesFlix — ""BLACK BUSINESS BEATS"" (MERCADO LIVRE, 2022, Leão de Prata)"
"Mas no Chile, a construção desregulamentada de centrais eléctricas a carvão desde 1970 transformou o berço do surf chileno na onda mais perigosa do mundo","1970","THE MOST DANGEROUS SURF TOURNAMENT","Esporte","THE SACRIFICE","2022","Leão de Prata","CannesFlix — ""THE SACRIFICE"" (THE MOST DANGEROUS SURF TOURNAMENT, 2022, Leão de Prata)"
"Todos os dias são emitidos carvão, arsênico e sulfeto de hidrogênio em uma escala que polui tudo num raio de 50 km, transformando a praia de Quintero em uma zona de sacrifício","50 km","THE MOST DANGEROUS SURF TOURNAMENT","Esporte","THE SACRIFICE","2022","Leão de Prata","CannesFlix — ""THE SACRIFICE"" (THE MOST DANGEROUS SURF TOURNAMENT, 2022, Leão de Prata)"
"Quando a COVID-19 encerrou a temporada de 2020, a Michelob ULTRA fez parceria com a Microsoft e a NBA para reinventar a experiência de visualização ao vivo","2020","AB INBEV","Alimentação e Bebidas","MICHELOB ULTRA COURTSIDE","2022","Leão de Prata","CannesFlix — ""MICHELOB ULTRA COURTSIDE"" (AB INBEV, 2022, Leão de Prata)"
"Com 81,5 milhões de horas de cobertura da NBA em 124 jogos, as vendas do Michelob ULTRA","81,5 milhões","AB INBEV","Alimentação e Bebidas","MICHELOB ULTRA COURTSIDE","2022","Leão de Prata","CannesFlix — ""MICHELOB ULTRA COURTSIDE"" (AB INBEV, 2022, Leão de Prata)"
"Por exemplo, 90% dos seus CEOs, 84% dos jornalistas dos seus maiores jornais e","90% | 84%","REVISTA RAÇA","Diversidade e Direitos Humanos","BLACK CHARACTERS","2022","Leão de Prata","CannesFlix — ""BLACK CHARACTERS"" (REVISTA RAÇA, 2022, Leão de Prata)"
"Desde 1954, o retalhista cultural francês Fnac tem apoiado a liberdade cultural e a abertura de espírito","1954","FNAC","Varejo e E-commerce","FNAC: ALGORITHM","2022","Leão de Prata","CannesFlix — ""FNAC: ALGORITHM"" (FNAC, 2022, Leão de Prata)"
"Mas hoje em dia, mesmo que tenhamos a sensação de que nunca tivemos tanta liberdade e escolha cultural, na verdade, tudo o que lemos, vemos, descobrimos, gostamos ou compramos é decidido por algoritmos (80% do que as pessoas vêem na Netflix é","80%","FNAC","Varejo e E-commerce","FNAC: ALGORITHM","2022","Leão de Prata","CannesFlix — ""FNAC: ALGORITHM"" (FNAC, 2022, Leão de Prata)"
"Tomar aspirina durante um ataque cardíaco reduz a mortalidade em 23%","23%","","Saúde e Bem-Estar","THE TINY POCKET","2022","Leão de Bronze","CannesFlix — ""THE TINY POCKET"" (, 2022, Leão de Bronze)"
"A 7-Eleven vende mais de 80 milhões de cafés na Austrália todos os anos","80 milhões","","Alimentação e Bebidas","COFFEE SCRUB","2022","Leão de Bronze","CannesFlix — ""COFFEE SCRUB"" (, 2022, Leão de Bronze)"
"1,8 milhões de quilogramas de resíduos plásticos do Reino Unido são exportados para outros países todos os dias","1,8 milhões","","Meio Ambiente e Sustentabilidade","WASTEMINSTER: A DOWNING STREET DISASTER","2022","Leão de Bronze","CannesFlix — ""WASTEMINSTER: A DOWNING STREET DISASTER"" (, 2022, Leão de Bronze)"
"Uma IA única treinada com 178 horas de sons de mastigação de batatas fritas de Lay","178 horas","","Alimentação e Bebidas","CRISPY SUBTITLES","2022","Leão de Bronze","CannesFlix — ""CRISPY SUBTITLES"" (, 2022, Leão de Bronze)"
"Quando se trata de destinos de viagem, 95% dos viajantes consultam avaliações na internet e 84% confiam nelas","95% | 84%","","Causas Sociais e ONGs","HATE TO PROTECT","2022","Leão de Bronze","CannesFlix — ""HATE TO PROTECT"" (, 2022, Leão de Bronze)"
"O premiado Curtice Brothers Ketchup, 100% orgânico e premiado, pode tornar até a pior refeição um sabor incrível","100%","","Alimentação e Bebidas","KETCHUP TO THE RESCUE","2022","Leão de Bronze","CannesFlix — ""KETCHUP TO THE RESCUE"" (, 2022, Leão de Bronze)"
"83% das mulheres sentem que os homens não veem as mulheres como iguais quando","83%","","Diversidade e Direitos Humanos","SEE EQUAL #SHARETHELOAD","2022","Leão de Bronze","CannesFlix — ""SEE EQUAL #SHARETHELOAD"" (, 2022, Leão de Bronze)"
"Pop Up Penises 4 in 10 young women, and 26% of men, have received an unsolicited dick pic","26%","","Saúde e Bem-Estar","NEVER SENT WITHOUT CONSENT","2022","Leão de Bronze","CannesFlix — ""NEVER SENT WITHOUT CONSENT"" (, 2022, Leão de Bronze)"
"Indian Railways loses over $800 million annually due to fare evasion, a long-standing issue worsened by poor incentives and low morale among law-abiding pass","800 million","INDIAN RAILWAYS","Turismo e Viagem","LUCKY YATRA","2025","Grand Prix","CannesFlix — ""LUCKY YATRA"" (INDIAN RAILWAYS, 2025, Grand Prix)"
"Nas eleições gerais indianas anteriores, cerca de 33% dos eleitores elegíveis não compareceram devido à preguiça, falta de consciência e alienação política","33%","TIMES OF INDIA GROUP","Mídia e Comunicação","INK OF DEMOCRACY","2025","Leão de Ouro","CannesFlix — ""INK OF DEMOCRACY"" (TIMES OF INDIA GROUP, 2025, Leão de Ouro)"
"500 litros de tinta eleitoral não utilizada – uma tinta de cor roxa, normalmente usada para marcar os dedos após a votação para evitar a duplicação de votos","500 litros","TIMES OF INDIA GROUP","Mídia e Comunicação","INK OF DEMOCRACY","2025","Leão de Ouro","CannesFlix — ""INK OF DEMOCRACY"" (TIMES OF INDIA GROUP, 2025, Leão de Ouro)"
"Para as eleições de 2024, o The Times of India e o The Economic Times imprimiram suas páginas em tinta roxa em vez do tradicional preto","2024","TIMES OF INDIA GROUP","Mídia e Comunicação","INK OF DEMOCRACY","2025","Leão de Ouro","CannesFlix — ""INK OF DEMOCRACY"" (TIMES OF INDIA GROUP, 2025, Leão de Ouro)"
"Para cada 132 eleitores ausentes, foi impressa uma página, totalizando 2,28 milhões","2,28 milhões","TIMES OF INDIA GROUP","Mídia e Comunicação","INK OF DEMOCRACY","2025","Leão de Ouro","CannesFlix — ""INK OF DEMOCRACY"" (TIMES OF INDIA GROUP, 2025, Leão de Ouro)"
"53% da economia da Ucrânia depende das exportações alimentares e agrícolas","53%","KERNEL | MINISTRY OF FOREIGN AFFAIRS OF UKRAINE","Combate à Violência","MINEFIELD HONEY: HARVESTING HOPE","2025","Leão de Ouro","CannesFlix — ""MINEFIELD HONEY: HARVESTING HOPE"" (KERNEL | MINISTRY OF FOREIGN AFFAIRS OF UKRAINE, 2025, Leão de Ouro)"
"Hoje, as minas terrestres ocupam 30% das nossas terras","30%","KERNEL | MINISTRY OF FOREIGN AFFAIRS OF UKRAINE","Combate à Violência","MINEFIELD HONEY: HARVESTING HOPE","2025","Leão de Ouro","CannesFlix — ""MINEFIELD HONEY: HARVESTING HOPE"" (KERNEL | MINISTRY OF FOREIGN AFFAIRS OF UKRAINE, 2025, Leão de Ouro)"
"O Nutterverse se expandiu para 177 canais de mídia gerando mais de 3,3 bilhões de impressões","3,3 bilhões","NUTTER BUTTER","Alimentação e Bebidas","NUTTER BUTTER, YOU GOOD?","2025","Leão de Ouro","CannesFlix — ""NUTTER BUTTER, YOU GOOD?"" (NUTTER BUTTER, 2025, Leão de Ouro)"
"Skol AB Inbev 2025 Retro Influencers ︎︎︎ ︎ cannes/ 1x gold, 1x silver, 3x shortlists 86% of people trust brands that share user","2025 | 86%","SKOL","Alimentação e Bebidas","RETRO INFLUENCERS","2025","Leão de Ouro","CannesFlix — ""RETRO INFLUENCERS"" (SKOL, 2025, Leão de Ouro)"
"O Japão é o único país com uma lei que exige que os casais tenham o mesmo sobrenome, com 95% das mulheres adotando o nome do marido","95%","ASUNIWA","Causas Sociais e ONGs","SATO 2531","2025","Leão de Ouro","CannesFlix — ""SATO 2531"" (ASUNIWA, 2025, Leão de Ouro)"
"Mudar a lei é difícil, pois 90% dos legisladores são homens","90%","ASUNIWA","Causas Sociais e ONGs","SATO 2531","2025","Leão de Ouro","CannesFlix — ""SATO 2531"" (ASUNIWA, 2025, Leão de Ouro)"
"Asuniwa, uma organização de igualdade de gênero, fez parceria com um professor para projetar o impacto da lei, prevendo que em 2531, “SATO” seria o único sobrenome sobrevivente no Japão","2531","ASUNIWA","Causas Sociais e ONGs","SATO 2531","2025","Leão de Ouro","CannesFlix — ""SATO 2531"" (ASUNIWA, 2025, Leão de Ouro)"
"Ainda assim, gera quase US$ 2,5 bilhões em transações somente em 2025","2,5 bilhões | 2025","MASTERCARD","Finanças e Seguros","MAKEUP PAYMENT","2025","Leão de Prata","CannesFlix — ""MAKEUP PAYMENT"" (MASTERCARD, 2025, Leão de Prata)"
"No entanto, notamos que em 2022, as semanas após a Black Friday foram as piores para as vendas do Samsung","2022","SAMSUNG","Tecnologia e Inovação","SAMSUNG THROWBACK DEALS","2025","Leão de Prata","CannesFlix — ""SAMSUNG THROWBACK DEALS"" (SAMSUNG, 2025, Leão de Prata)"
"Descobrimos que 80% dos compradores online abandonam seus carrinhos de compras, e muitos o fazem intencionalmente para receber mais descontos","80%","SAMSUNG","Tecnologia e Inovação","SAMSUNG THROWBACK DEALS","2025","Leão de Prata","CannesFlix — ""SAMSUNG THROWBACK DEALS"" (SAMSUNG, 2025, Leão de Prata)"
"Assim, a Australian Lamb lançou uma campanha para tirar as pessoas dos comentários e colocá-las nas costeletas, com um roteiro feito a partir de comentários australianos 100% reais - provenientes dos tópicos mais polêmicos do ano","100%","AUSTRALIAN LAMB","Alimentação e Bebidas","THE COMMENTS SECTION","2025","Leão de Prata","CannesFlix — ""THE COMMENTS SECTION"" (AUSTRALIAN LAMB, 2025, Leão de Prata)"
"A EDF produz eletricidade 97,8% livre de carbono e foi naturalmente escolhida para ser o fornecedor oficial de eletricidade renovável para Paris 2024","97,8% | 2024","EDF","Meio Ambiente e Sustentabilidade","THE FLAME THAT WASN'T A FLAME","2025","Leão de Prata","CannesFlix — ""THE FLAME THAT WASN'T A FLAME"" (EDF, 2025, Leão de Prata)"
"Convencida de que a eletricidade é a única solução para avançar em direção a um mundo neutro em CO2, a EDF inventou uma chama 100% elétrica para o Caldeirão de Paris 2024","100% | 2024","EDF","Meio Ambiente e Sustentabilidade","THE FLAME THAT WASN'T A FLAME","2025","Leão de Prata","CannesFlix — ""THE FLAME THAT WASN'T A FLAME"" (EDF, 2025, Leão de Prata)"
"No México, a violência baseada no género é uma crise estrutural com 10 mulheres assassinadas diariamente, uma delas menor","10 mulheres","SAVE THE CHILDREN","Causas Sociais e ONGs","FER","2025","Leão de Bronze","CannesFlix — ""FER"" (SAVE THE CHILDREN, 2025, Leão de Bronze)"
"Em setembro de 2023, o romance de Taylor Swift com o jogador da NFL Travis Kelce tomou conta da internet","2023","KRAFT HEINZ","Alimentação e Bebidas","HEINZ KETCHUP & SEEMINGLY RANCH","2025","Leão de Bronze","CannesFlix — ""HEINZ KETCHUP & SEEMINGLY RANCH"" (KRAFT HEINZ, 2025, Leão de Bronze)"
"Dentro de 24 horas após a postagem viral de Taylor Swift, nós relançamos","24 horas","KRAFT HEINZ","Alimentação e Bebidas","HEINZ KETCHUP & SEEMINGLY RANCH","2025","Leão de Bronze","CannesFlix — ""HEINZ KETCHUP & SEEMINGLY RANCH"" (KRAFT HEINZ, 2025, Leão de Bronze)"
"Este pequeno “erro” se tornou o trending topic número 1 no X e alcançou £ 350 milhões em mídia conquistada, junto com um aumento de 850% nas conversas","350 milhões | 850%","MCDONALD'S","Alimentação e Bebidas","MCRIB MISTAKES","2025","Leão de Bronze","CannesFlix — ""MCRIB MISTAKES"" (MCDONALD'S, 2025, Leão de Bronze)"
"Através de uma combinação de escuta social e pesquisa qualitativa, descobrimos um fato fascinante: 99% das pessoas comem Cheetos com a mão dominante","99%","CHEETOS","Alimentação e Bebidas","OTHER HAND","2025","Leão de Bronze","CannesFlix — ""OTHER HAND"" (CHEETOS, 2025, Leão de Bronze)"
"As mortes de crianças relacionadas com armas de fogo nos EUA são 29 vezes superiores às de outros países desenvolvidos","29 vezes","CHANGE THE REF","Causas Sociais e ONGs","SAVE US FROM THE USA","2025","Leão de Bronze","CannesFlix — ""SAVE US FROM THE USA"" (CHANGE THE REF, 2025, Leão de Bronze)"
"Com um público combinado de mais de 55 milhões, é potencialmente o segundo maior evento esportivo dos EUA","55 milhões","SHEBA","Alimentação e Bebidas","THE GRAVY RACE","2025","Leão de Bronze","CannesFlix — ""THE GRAVY RACE"" (SHEBA, 2025, Leão de Bronze)"
"Em 2024, o McDonald’s identificou uma oportunidade para aumentar a conscientização sobre uma verdade importante: não há problema em não se sentir feliz o tempo todo","2024","MCDONALD'S","Alimentação e Bebidas","THE MEAL","2025","Leão de Bronze","CannesFlix — ""THE MEAL"" (MCDONALD'S, 2025, Leão de Bronze)"
"A campanha superou os objetivos, vendendo mais de 2,5 bilhões de caixas durante a semana de ativação, e aumentou o amor pela marca, aumentando o sentimento positivo para 87%","2,5 bilhões | 87%","MCDONALD'S","Alimentação e Bebidas","THE MEAL","2025","Leão de Bronze","CannesFlix — ""THE MEAL"" (MCDONALD'S, 2025, Leão de Bronze)"
"O NHS Blood and Transplant tem uma escassez urgente de doadores de órgãos pediátricos, com 233 crianças na lista de espera para um transplante","233 crianças","NHS BLOOD AND TRANSPLANT","Saúde e Bem-Estar","WAITING TO LIVE","2025","Leão de Bronze","CannesFlix — ""WAITING TO LIVE"" (NHS BLOOD AND TRANSPLANT, 2025, Leão de Bronze)"
"A campanha, lançada em novembro de 2023, centrou-se numa manobra emocionante em salas de espera de todo o país","2023","NHS BLOOD AND TRANSPLANT","Saúde e Bem-Estar","WAITING TO LIVE","2025","Leão de Bronze","CannesFlix — ""WAITING TO LIVE"" (NHS BLOOD AND TRANSPLANT, 2025, Leão de Bronze)"
"Em apenas sete dias, a hashtag obteve mais de 365 milhões de visualizações, destacando o seu impacto generalizado","365 milhões","DOVE","Saúde e Bem-Estar","#TURNYOURBACK","2024","Leão de Ouro","CannesFlix — ""#TURNYOURBACK"" (DOVE, 2024, Leão de Ouro)"
"Uma pesquisa do Dove Self-Esteem Project revela estatísticas alarmantes: 38% das meninas nos EUA sentem que não conseguem cumprir os","38%","DOVE","Saúde e Bem-Estar","#TURNYOURBACK","2024","Leão de Ouro","CannesFlix — ""#TURNYOURBACK"" (DOVE, 2024, Leão de Ouro)"
"Menos de 25% dos brasileiros disseram que assistiriam à Copa do Mundo Feminina da FIFA","25%","IFOOD","Alimentação e Bebidas","AUDIENCE DELIVERY","2024","Leão de Ouro","CannesFlix — ""AUDIENCE DELIVERY"" (IFOOD, 2024, Leão de Ouro)"
"Nos anos desde que a Tide lançou o PODS, as máquinas de lavar aumentaram 80%","80%","TIDE","Alimentação e Bebidas","GONNA NEED MORE TIDE","2024","Leão de Ouro","CannesFlix — ""GONNA NEED MORE TIDE"" (TIDE, 2024, Leão de Ouro)"
"Então, em 2023, a Tide lançou o Power PODS com 85% mais poder de limpeza – o único problema é que ninguém pensava que precisava deles","2023 | 85%","TIDE","Alimentação e Bebidas","GONNA NEED MORE TIDE","2024","Leão de Ouro","CannesFlix — ""GONNA NEED MORE TIDE"" (TIDE, 2024, Leão de Ouro)"
"95% das pessoas com síndrome de Down têm trissomia 21 – uma cópia completa do cromossomo 21, levando a três cópias","95%","ADIDAS","Moda e Beleza","RUNNER 321","2024","Leão de Ouro","CannesFlix — ""RUNNER 321"" (ADIDAS, 2024, Leão de Ouro)"
"Impulse é um aplicativo de Inteligência Artificial para Galaxy Watch que ajuda cerca de 100 milhões de pessoas em todo o mundo com distúrbios de fala e gagueira","100 milhões","SAMSUNG","Tecnologia e Inovação","SAMSUNG IMPULSE","2024","Leão de Ouro","CannesFlix — ""SAMSUNG IMPULSE"" (SAMSUNG, 2024, Leão de Ouro)"
"No entanto, notamos que em 2022, as semanas após a Black Friday foram as piores para as vendas do Samsung","2022","SAMSUNG","Tecnologia e Inovação","SAMSUNG THROWBACK DEALS","2024","Leão de Ouro","CannesFlix — ""SAMSUNG THROWBACK DEALS"" (SAMSUNG, 2024, Leão de Ouro)"
"Descobrimos que 80% dos compradores online abandonam seus carrinhos de compras, e muitos o fazem intencionalmente para receber mais descontos","80%","SAMSUNG","Tecnologia e Inovação","SAMSUNG THROWBACK DEALS","2024","Leão de Ouro","CannesFlix — ""SAMSUNG THROWBACK DEALS"" (SAMSUNG, 2024, Leão de Ouro)"
"A língua do povo Fulani da África Ocidental, conhecida como Pulaar, é falada por mais de 40 milhões de pessoas, mas durante a maior parte da história, a língua não tinha alfabeto","40 milhões","MICROSOFT","Tecnologia e Inovação","ADLAM AN ALPHABET TO PRESERVE A CULTURE","2024","Leão de Prata","CannesFlix — ""ADLAM AN ALPHABET TO PRESERVE A CULTURE"" (MICROSOFT, 2024, Leão de Prata)"
"Em 48 horas criamos Ja'marr uma linha de roupas com seus comentários","48 horas","7-ELEVEN","Outros","ALWAYS OPEN","2024","Leão de Prata","CannesFlix — ""ALWAYS OPEN"" (7-ELEVEN, 2024, Leão de Prata)"
"Os rastos (aquelas nuvens brancas e fofas que por vezes vemos atrás dos aviões) são surpreendentemente responsáveis ​​por cerca de 35% do impacto do aquecimento global da aviação","35%","GOOGLE","Tecnologia e Inovação","CONTRAILS MAKING FLYING MORE SUSTAINABLE WITH GOOGLE AI","2024","Leão de Prata","CannesFlix — ""CONTRAILS MAKING FLYING MORE SUSTAINABLE WITH GOOGLE AI"" (GOOGLE, 2024, Leão de Prata)"
"o comercial mais comentado do ano / 99% de sentimento positivo","99%","LAY'S","Alimentação e Bebidas","LAY'S CHIP CAM","2024","Leão de Prata","CannesFlix — ""LAY'S CHIP CAM"" (LAY'S, 2024, Leão de Prata)"
"Com 125 pessoas a tirarem a própria vida todas as semanas, os parceiros de longa data Campaign Against Living Miserably (CALM) e ITV, a maior estação de televisão comercial do Reino Unido, precisavam urgentemente de realçar o facto de que o “suicida” nem sempre se manifesta da forma como as pessoas esperam","125 pessoas","ITV X CALM","Saúde e Bem-Estar","THE LAST PHOTO","2024","Leão de Prata","CannesFlix — ""THE LAST PHOTO"" (ITV X CALM, 2024, Leão de Prata)"
"O NHS Blood and Transplant tem uma escassez urgente de doadores de órgãos pediátricos, com 233 crianças na lista de espera para um transplante","233 crianças","NHS BLOOD AND TRANSPLANT","Saúde e Bem-Estar","WAITING TO LIVE","2024","Leão de Prata","CannesFlix — ""WAITING TO LIVE"" (NHS BLOOD AND TRANSPLANT, 2024, Leão de Prata)"
"A campanha, lançada em novembro de 2023, centrou-se numa manobra emocionante em salas de espera de todo o país","2023","NHS BLOOD AND TRANSPLANT","Saúde e Bem-Estar","WAITING TO LIVE","2024","Leão de Prata","CannesFlix — ""WAITING TO LIVE"" (NHS BLOOD AND TRANSPLANT, 2024, Leão de Prata)"
"Estávamos perdendo uma das maiores ocasiões – o Halloween – em que os americanos gastam mais de US$ 12 bilhões de dólares","12 bilhões","UBER EATS","Varejo e E-commerce","HORROR CODES","2024","Leão de Bronze","CannesFlix — ""HORROR CODES"" (UBER EATS, 2024, Leão de Bronze)"
"Despite this, over 50% of people with Down syndrome struggle to find meaningful, paid employment","50%","CDSS","Outros","INPLOYABLE","2024","Leão de Bronze","CannesFlix — ""INPLOYABLE"" (CDSS, 2024, Leão de Bronze)"
"Mas há um lugar que fica aberto 24 horas por dia, 7 dias por semana: lavanderias","24 horas","HEINEKEN","Alimentação e Bebidas","LAUNDROMATCH","2024","Leão de Bronze","CannesFlix — ""LAUNDROMATCH"" (HEINEKEN, 2024, Leão de Bronze)"
"A taxa de duplicação é de cerca de 10%","10%","TAIWAN ORGAN SHARING REGISTRY","Outros","PAPER ORGANS","2024","Leão de Bronze","CannesFlix — ""PAPER ORGANS"" (TAIWAN ORGAN SHARING REGISTRY, 2024, Leão de Bronze)"
"A taxa de duplicação é de 16%, superior à do Papel YY","16%","TAIWAN ORGAN SHARING REGISTRY","Outros","PAPER ORGANS","2024","Leão de Bronze","CannesFlix — ""PAPER ORGANS"" (TAIWAN ORGAN SHARING REGISTRY, 2024, Leão de Bronze)"
"De acordo com uma pesquisa, 1 em cada 3 estudantes gregos é vítima de bullying, enquanto 63% não o denunciam por medo de retaliação","63%","GREEK MINISTRY OF EDUCATION","Automóveis e Mobilidade","STOP BULLYING","2024","Leão de Bronze","CannesFlix — ""STOP BULLYING"" (GREEK MINISTRY OF EDUCATION, 2024, Leão de Bronze)"
"337 pessoas anualmente no México","337 pessoas","FUNDACION DE ALBA","Outros","TEST-ICLES","2024","Leão de Bronze","CannesFlix — ""TEST-ICLES"" (FUNDACION DE ALBA, 2024, Leão de Bronze)"
"Com um público combinado de mais de 55 milhões, é potencialmente o segundo maior evento esportivo dos EUA","55 milhões","SHEBA","Alimentação e Bebidas","THE GRAVY RACE","2024","Leão de Bronze","CannesFlix — ""THE GRAVY RACE"" (SHEBA, 2024, Leão de Bronze)"
"Mas a popularidade rosa veio com um preço: Barbie Dream Cars usados ​​(carros de brinquedo) vendidos em sites de revenda por preços absurdamente inflacionados (mais de 10 vezes o valor normal)","10 vezes","CARBRAVO","Automóveis e Mobilidade","USED BARBIE DREAM CARS","2024","Leão de Bronze","CannesFlix — ""USED BARBIE DREAM CARS"" (CARBRAVO, 2024, Leão de Bronze)"
"A campanha obteve cobertura global em mais de 100 publicações e 326 milhões de visualizações globais, permitindo à Apple reafirmar o seu compromisso com a privacidade de dados quando e onde for mais importante","326 milhões","APPLE","Tecnologia e Inovação","WAITING ROOM","2024","Leão de Bronze","CannesFlix — ""WAITING ROOM"" (APPLE, 2024, Leão de Bronze)"
"A indústria da tipografia é uma indústria de 13 milhões de dólares, onde downloads ilegais e uso de fontes privam os tipógrafos de receitas valiosas","13 milhões","PROTYPE STUDIO","Outros","ZAEL: THE DISAPPEARING FONT","2024","Leão de Bronze","CannesFlix — ""ZAEL: THE DISAPPEARING FONT"" (PROTYPE STUDIO, 2024, Leão de Bronze)"
"A Warner Music se uniu à Apple Music para analisar mais de 70 milhões de letras de músicas, isolando músicas nas quais sons específicos ocorrem em padrões específicos que são benéficos para a terapia da fala","70 milhões","WARNER MUSIC GROUP","Entretenimento e Cultura","SAYLISTS","2021","Grand Prix","CannesFlix — ""SAYLISTS"" (WARNER MUSIC GROUP, 2021, Grand Prix)"
"A simulação numa piscina convidou um grupo de 40 pessoas, que representavam a sociedade alemã em idade, género e profissão, para uma experiência imersiva","40 pessoas","SEA-WATCH E.V.","Entretenimento e Cultura","LIFEBOAT: THE EXPERIMENT","2021","Leão de Ouro","CannesFlix — ""LIFEBOAT: THE EXPERIMENT"" (SEA-WATCH E.V., 2021, Leão de Ouro)"
"A Universidade Positivo oferece cursos de graduao, ps-graduao e cursos tcnicos com programas de financiamentos e bolsa de at 100%","100%","REDDIT","Tecnologia e Inovação","UP THE VOTE","2021","Leão de Ouro","CannesFlix — ""UP THE VOTE"" (REDDIT, 2021, Leão de Ouro)"
"000€/ano Para 90% dos pacientes a tecnologia para comunicar com o mundo é um luxo","90%","SAMSUNG","Tecnologia e Inovação","TALLK","2021","Leão de Ouro","CannesFlix — ""TALLK"" (SAMSUNG, 2021, Leão de Ouro)"
"Blewer, epidemiologista e cientista de ressuscitação da Duke University School of Medicine, que revelou que apenas 39% das mulheres que sofreram parada cardíaca em locais públicos receberam RCP","39%","UNITED STATE OF WOMEN","Outros","WOMANIKIN","2021","Leão de Ouro","CannesFlix — ""WOMANIKIN"" (UNITED STATE OF WOMEN, 2021, Leão de Ouro)"
"Quando a COVID-19 encerrou a temporada de 2020, a Michelob ULTRA fez parceria com a Microsoft e a NBA para reinventar a experiência de visualização ao vivo","2020","ABINBEV","Alimentação e Bebidas","MICHELOB ULTRA COURTSIDE","2021","Leão de Ouro","CannesFlix — ""MICHELOB ULTRA COURTSIDE"" (ABINBEV, 2021, Leão de Ouro)"
"Com 81,5 milhões de horas de cobertura da NBA em 124 jogos, as vendas do Michelob ULTRA","81,5 milhões","ABINBEV","Alimentação e Bebidas","MICHELOB ULTRA COURTSIDE","2021","Leão de Ouro","CannesFlix — ""MICHELOB ULTRA COURTSIDE"" (ABINBEV, 2021, Leão de Ouro)"
"Quatro bebês estão previstos, 32 mulheres foram registradas como receptoras, 27 doadores de esperma aderiram","32 mulheres","NEW ZEALAND AIDS FOUNDATION","Causas Sociais e ONGs","THE WORLD'S FIRST HIV-POSITIVE SPERM BANK","2021","Leão de Ouro","CannesFlix — ""THE WORLD'S FIRST HIV-POSITIVE SPERM BANK"" (NEW ZEALAND AIDS FOUNDATION, 2021, Leão de Ouro)"
"E às 14h05 do dia 27 de janeiro de 2021, nasceu o primeiro bebê – você","2021","NEW ZEALAND AIDS FOUNDATION","Causas Sociais e ONGs","THE WORLD'S FIRST HIV-POSITIVE SPERM BANK","2021","Leão de Ouro","CannesFlix — ""THE WORLD'S FIRST HIV-POSITIVE SPERM BANK"" (NEW ZEALAND AIDS FOUNDATION, 2021, Leão de Ouro)"
"A marca transmitiu gameplay no Twitch, jogou com fãs e criou conteúdo personalizado no jogo que foi baixado mais de 988 mil vezes","988 mil","WENDY","Alimentação e Bebidas","SUPER WENDY'S WORLD","2021","Leão de Ouro","CannesFlix — ""SUPER WENDY'S WORLD"" (WENDY, 2021, Leão de Ouro)"
"Com o financiamento governamental para as artes cortado em 50%, a escola precisava de começar a sustentar-se","50%","REGENT PARK SCHOOL OF MUSIC","Entretenimento e Cultura","PARKSCAPES","2021","Leão de Ouro","CannesFlix — ""PARKSCAPES"" (REGENT PARK SCHOOL OF MUSIC, 2021, Leão de Ouro)"
"""Parkscapes"" ganhou oito Lápis de Ouro no The One Show 2020","2020","REGENT PARK SCHOOL OF MUSIC","Entretenimento e Cultura","PARKSCAPES","2021","Leão de Ouro","CannesFlix — ""PARKSCAPES"" (REGENT PARK SCHOOL OF MUSIC, 2021, Leão de Ouro)"
"A Saatchi & Saatchi New York criou anúncios For Your Consideration para mais de 30 mulheres profissionais do cinema, usando recomendações de celebridades com quem trabalharam","30 mulheres","WOMEN IN FILM","Entretenimento e Cultura","FOR YOUR CONSIDERATION","2021","Leão de Prata","CannesFlix — ""FOR YOUR CONSIDERATION"" (WOMEN IN FILM, 2021, Leão de Prata)"
"Quase 285 milhões de pessoas em todo o mundo estão impedidas de praticar desporto ao vivo","285 milhões","TENNIS AUSTRALIA","Automóveis e Mobilidade","ACTION AUDIO","2021","Leão de Prata","CannesFlix — ""ACTION AUDIO"" (TENNIS AUSTRALIA, 2021, Leão de Prata)"
"A plataforma da marca “100% Pure New Zealand” da Tourism New Zealand estabeleceu a Nova Zelândia como o destino final para paisagens naturais nos últimos 20 anos","100%","TOURISM NEW ZEALAND","Turismo e Viagem","GOOD MORNING WORLD","2021","Leão de Prata","CannesFlix — ""GOOD MORNING WORLD"" (TOURISM NEW ZEALAND, 2021, Leão de Prata)"
"O cyberbullying tornou-se uma epidemia global que é a causa raiz de 20% dos suicídios de adolescentes","20%","MONICA LEWINSKY","Outros","THE EPIDEMIC","2021","Leão de Bronze","CannesFlix — ""THE EPIDEMIC"" (MONICA LEWINSKY, 2021, Leão de Bronze)"
"“The Epidemic” ganhou três Lápis de Ouro no The One Show 2020","2020","MONICA LEWINSKY","Outros","THE EPIDEMIC","2021","Leão de Bronze","CannesFlix — ""THE EPIDEMIC"" (MONICA LEWINSKY, 2021, Leão de Bronze)"
"Tornou-se o anúncio mais visto do jogo, atingindo 77 milhões de visualizações e conquistando o terceiro lugar no AdMeter","77 milhões","AMAZON","Varejo e E-commerce","ALEXAS NEW BODY","2021","Leão de Bronze","CannesFlix — ""ALEXAS NEW BODY"" (AMAZON, 2021, Leão de Bronze)"
"Em 95% das escolas públicas dos Estados Unidos, as crianças praticam exercícios de confinamento no caso de um homem armado atacar","95%","MARCH FOR OUR LIVES","Outros","GENERATION LOCKDOWN","2019","Grand Prix","CannesFlix — ""GENERATION LOCKDOWN"" (MARCH FOR OUR LIVES, 2019, Grand Prix)"
"O filme arrecadou mais de 50 milhões","50 milhões","MARCH FOR OUR LIVES","Outros","GENERATION LOCKDOWN","2019","Grand Prix","CannesFlix — ""GENERATION LOCKDOWN"" (MARCH FOR OUR LIVES, 2019, Grand Prix)"
"Cerca de 60% da pegada de carbono de uma pessoa deriva do consumo","60%","DOCONOMY","Outros","DO BLACK","2019","Grand Prix","CannesFlix — ""DO BLACK"" (DOCONOMY, 2019, Grand Prix)"
"""DO Black"" ganhou um Lápis de Ouro no The One Show 2020","2020","DOCONOMY","Outros","DO BLACK","2019","Grand Prix","CannesFlix — ""DO BLACK"" (DOCONOMY, 2019, Grand Prix)"
"400% em novos usuários","400%","EXPENSIFY","Outros","TH!$","2019","Leão de Ouro","CannesFlix — ""TH!$"" (EXPENSIFY, 2019, Leão de Ouro)"
"Por meio de experiências no estádio e de transmissão, vinculamos o FIFA ao Xbox sem nomear o jogo, tornando nosso público melhor no FIFA no Xbox, alcançando 650 milhões de espectadores por partida (x 12 partidas) e no FI","650 milhões","MICROSOFT","Tecnologia e Inovação","FOOTBALL DECODED","2019","Leão de Prata","CannesFlix — ""FOOTBALL DECODED"" (MICROSOFT, 2019, Leão de Prata)"
"72% dos alemães viajam para o exterior nas férias","72%","GERMAN RAIL","Automóveis e Mobilidade","NO NEED TO FLY","2019","Leão de Prata","CannesFlix — ""NO NEED TO FLY"" (GERMAN RAIL, 2019, Leão de Prata)"
"Usamos mídia 100% dinâmica e baseada em dados para promover nosso serviço, apenas em zonas de alto congestionamento","100%","BURGER KING","Alimentação e Bebidas","THE TRAFFIC JAM WHOPPER","2019","Leão de Bronze","CannesFlix — ""THE TRAFFIC JAM WHOPPER"" (BURGER KING, 2019, Leão de Bronze)"
"28 de novembro de 2022 · Ouvi cinco vezes e reconfirmei que é difícil de revisar","2022","BURGER KING","Alimentação e Bebidas","BIRTHDAY CLOWNS","2019","Leão de Bronze","CannesFlix — ""BIRTHDAY CLOWNS"" (BURGER KING, 2019, Leão de Bronze)"
"Até agora, a nova música do NCT127, “Gallop”, tem um total de 14,84 milhões de streams no Spotify, um mês após o lançamento do álbum…","14,84 milhões","BURGER KING","Alimentação e Bebidas","BIRTHDAY CLOWNS","2019","Leão de Bronze","CannesFlix — ""BIRTHDAY CLOWNS"" (BURGER KING, 2019, Leão de Bronze)"
"Prescrito à Morte é um memorial que humaniza a devastação causada: usando máquinas de precisão, 22 mil rostos de vítimas fatais na vida real foram gravados em comprimidos","22 mil","NATIONAL SAFETY COUNCIL","Outros","PRESCRIBED TO DEATH","2019","Leão de Bronze","CannesFlix — ""PRESCRIBED TO DEATH"" (NATIONAL SAFETY COUNCIL, 2019, Leão de Bronze)"
"Os jogadores promoveram seus designs em canais sociais e o Xbox os ampliou na loja, online e na mídia ATL, levando a uma venda de 350%","350%","XBOX","Tecnologia e Inovação","THE FANCHISE MODEL","2018","Grand Prix","CannesFlix — ""THE FANCHISE MODEL"" (XBOX, 2018, Grand Prix)"
"Como resultado, 200 mil pessoas tornaram-se cidadãs e a campanha atingiu meio bilhão de pessoas","200 mil","LADIBLE","Outros","TRASH ISLES","2018","Grand Prix","CannesFlix — ""TRASH ISLES"" (LADIBLE, 2018, Grand Prix)"
"Desde que o Desafio do Balde de Gelo arrecadou mais de US$ 115 milhões de dólares para a Associação ALS, a comunidade ALS está ansiosa para ver avanços que possam melhorar sua qualidade de vida","115 milhões","THE ALS ASSOCIATION","Outros","PROJECT REVOICE","2018","Grand Prix","CannesFlix — ""PROJECT REVOICE"" (THE ALS ASSOCIATION, 2018, Grand Prix)"
"A campanha teve um alcance conquistado de mais de 900 milhões, enquanto 41 milhões de pessoas participaram da conversa nas redes sociais","900 milhões | 41 milhões","THE ALS ASSOCIATION","Outros","PROJECT REVOICE","2018","Grand Prix","CannesFlix — ""PROJECT REVOICE"" (THE ALS ASSOCIATION, 2018, Grand Prix)"
"Mais de 1,2 mil milhões de pessoas no mundo vivem sem acesso à eletricidade","1,2 mil","KINGO","Causas Sociais e ONGs","KINGO","2018","Grand Prix","CannesFlix — ""KINGO"" (KINGO, 2018, Grand Prix)"
"Para ajudar a autenticidade a sobreviver, a Beau Monde, uma revista de moda com conteúdo 100% original romeno, decidiu posicionar-se contra a apropriação cultural e lançou a BIHOR COUTURE, uma marca que vende peças de moda autênticas e devolve dinheiro às comunidades","100%","BEAU MONDE STYLE","Outros","BIHOR COUTURE","2018","Leão de Ouro","CannesFlix — ""BIHOR COUTURE"" (BEAU MONDE STYLE, 2018, Leão de Ouro)"
"Prescrito à Morte é um memorial que humaniza a devastação causada: usando máquinas de precisão, 22 mil rostos de vítimas fatais na vida real foram gravados em comprimidos","22 mil","NATIONAL SAFETY COUNCIL","Outros","PRESCRIBED TO DEATH","2018","Leão de Ouro","CannesFlix — ""PRESCRIBED TO DEATH"" (NATIONAL SAFETY COUNCIL, 2018, Leão de Ouro)"
"Todos os anos, US$ 61 bilhões são desviados para financiar a corrupção no Brasil","61 bilhões","FORBES BRASIL","Outros","RICKY BRASIL","2018","Leão de Ouro","CannesFlix — ""RICKY BRASIL"" (FORBES BRASIL, 2018, Leão de Ouro)"
"Em 2017, a Christie’s anunciou que a última pintura privada de Leonardo da Vinci seria leiloada","2017","CHRISTIE'S","Outros","THE LAST DA VINCI","2018","Leão de Ouro","CannesFlix — ""THE LAST DA VINCI"" (CHRISTIE'S, 2018, Leão de Ouro)"
"Seguiu-se uma venda recorde de US$ 450,3 milhões","450,3 milhões","CHRISTIE'S","Outros","THE LAST DA VINCI","2018","Leão de Ouro","CannesFlix — ""THE LAST DA VINCI"" (CHRISTIE'S, 2018, Leão de Ouro)"
"Então, para gerar entusiasmo, a marca convidou o atleta recordista mundial Yanjaa para memorizar a edição de 2018 na íntegra","2018","IKEA","Varejo e E-commerce","THE IKEA HUMAN CATALOGUE","2018","Leão de Prata","CannesFlix — ""THE IKEA HUMAN CATALOGUE"" (IKEA, 2018, Leão de Prata)"
"Seu desafio viajou por 127 países, ganhando US$ 5,7 milhões em mídia gratuita","5,7 milhões","IKEA","Varejo e E-commerce","THE IKEA HUMAN CATALOGUE","2018","Leão de Prata","CannesFlix — ""THE IKEA HUMAN CATALOGUE"" (IKEA, 2018, Leão de Prata)"
"Em 6 de setembro de 2017, ela foi testada diante de uma audiência ao vivo no Facebook","2017","IKEA","Varejo e E-commerce","THE IKEA HUMAN CATALOGUE","2018","Leão de Prata","CannesFlix — ""THE IKEA HUMAN CATALOGUE"" (IKEA, 2018, Leão de Prata)"
"A atividade obteve mais de 65 milhões de impressões, ajudando a superar a meta de arrecadação de US$ 1 milhão","65 milhões","SANDY HOOK PROMISE","Combate à Violência","LIVE MOMENT OF SILENCE","2018","Leão de Bronze","CannesFlix — ""LIVE MOMENT OF SILENCE"" (SANDY HOOK PROMISE, 2018, Leão de Bronze)"
"Ao fazer parcerias com refugiados em todo o mundo, criámos uma bandeira inspirada em coletes salva-vidas, um hino e uma nação simbólica para representar os atletas e 65 milhões de pessoas deslocadas em todo o mundo","65 milhões","AMNESTY INTERNATIONAL","Causas Sociais e ONGs","THE REFUGEE NATION","2017","Grand Prix","CannesFlix — ""THE REFUGEE NATION"" (AMNESTY INTERNATIONAL, 2017, Grand Prix)"
"No final de 2016, a Renault lançou um carro totalmente elétrico, o Renault ZOE, com autonomia de 400 km, a maior autonomia na categoria EV","2016 | 400 km","RENAULT","Automóveis e Mobilidade","RENAULT ZOE DEBATE","2017","Leão de Ouro","CannesFlix — ""RENAULT ZOE DEBATE"" (RENAULT, 2017, Leão de Ouro)"
"000 pessoas são baleadas","000 pessoas","ILLINOIS COUNCIL AGAINST HANDGUN VIOLENCE","Combate à Violência","TEDDY GUN","2017","Leão de Ouro","CannesFlix — ""TEDDY GUN"" (ILLINOIS COUNCIL AGAINST HANDGUN VIOLENCE, 2017, Leão de Ouro)"
"Para celebrar a diversidade no mundo, pedimos a 67 pessoas de todo o mundo que fizessem um teste de ADN","67 pessoas","MOMONDO","Tecnologia e Inovação","THE DNA JOURNEY","2017","Leão de Ouro","CannesFlix — ""THE DNA JOURNEY"" (MOMONDO, 2017, Leão de Ouro)"
"O Reclame Aqui se tornou a marca número 1 em defesa do consumidor do Brasil depois de ajudar 85 milhões de pessoas a exporem o mau atendimento ao cliente","85 milhões","RECLAME AQUI","Outros","THE COLOUR OF CORRUPTION","2017","Leão de Ouro","CannesFlix — ""THE COLOUR OF CORRUPTION"" (RECLAME AQUI, 2017, Leão de Ouro)"
"Todos os anos, 463 mil jovens sofrem bullying online na Austrália e 78% têm entre 10 e 15 anos de idade","463 mil | 78%","HEADSPACE","Outros","REWORD","2017","Leão de Ouro","CannesFlix — ""REWORD"" (HEADSPACE, 2017, Leão de Ouro)"
"A apostila usa as palavras de 10 mulheres icônicas: Susan B","10 mulheres","IGNITE","Outros","WRITING OUR RIGHTS: THE EMPOWERMENT WORKBOOK","2017","Leão de Ouro","CannesFlix — ""WRITING OUR RIGHTS: THE EMPOWERMENT WORKBOOK"" (IGNITE, 2017, Leão de Ouro)"
"Explore mais de 350 milhões de obras de arte enquanto se conecta com outros artistas e entusiastas da arte","350 milhões","LEGACY BERLIN","Entretenimento e Cultura","ART BEATS HATE","2017","Leão de Ouro","CannesFlix — ""ART BEATS HATE"" (LEGACY BERLIN, 2017, Leão de Ouro)"
"000 mulheres são atacadas por homens que usam ácido facilmente disponível","000 mulheres","MAKE LOVE NOT SCARS","Automóveis e Mobilidade","BEAUTY TIPS BY RESHMA","2017","Leão de Prata","CannesFlix — ""BEAUTY TIPS BY RESHMA"" (MAKE LOVE NOT SCARS, 2017, Leão de Prata)"
"O que precisava de 25 mil assinaturas recebeu mais de 3","25 mil","MAKE LOVE NOT SCARS","Automóveis e Mobilidade","BEAUTY TIPS BY RESHMA","2017","Leão de Prata","CannesFlix — ""BEAUTY TIPS BY RESHMA"" (MAKE LOVE NOT SCARS, 2017, Leão de Prata)"
"1,5 milhão de curtidas","1,5 milhão","ADIDAS","Moda e Beleza","ADIDAS ODDS","2017","Leão de Prata","CannesFlix — ""ADIDAS ODDS"" (ADIDAS, 2017, Leão de Prata)"
"Gerando relações públicas no valor de 9,5 milhões","9,5 milhões","ADIDAS","Moda e Beleza","ADIDAS ODDS","2017","Leão de Prata","CannesFlix — ""ADIDAS ODDS"" (ADIDAS, 2017, Leão de Prata)"
"40 milhões de homens e mulheres estão esperando por você no Mamba","40 milhões","NIKE","Moda e Beleza","MAMBA DAY","2017","Leão de Prata","CannesFlix — ""MAMBA DAY"" (NIKE, 2017, Leão de Prata)"
"A campanha alcançou 86% dos homens da Nova Zelândia na faixa etária alvo","86%","TESTICULAR CANCER NZ","Outros","GO BALLS OUT","2017","Leão de Bronze","CannesFlix — ""GO BALLS OUT"" (TESTICULAR CANCER NZ, 2017, Leão de Bronze)"
"19 de dezembro de 2024 · Por estes motivos não posso recomendar o Renault R 5 E-Tech (2024) 150 Elétrico: Somente quem costuma dirigir longas distâncias superiores a 300 km deve considerar comprá-lo","2024 | 2024 | 300 km","RENAULT","Automóveis e Mobilidade","RENAULT: BATTERY","2017","Leão de Bronze","CannesFlix — ""RENAULT: BATTERY"" (RENAULT, 2017, Leão de Bronze)"